{
  "Random Forest": {
    "rmse": {
      "mean": 2035.3781,
      "std": 1003.2365,
      "folds": [
        2823.09999510217,
        3241.7900970544088,
        332.6558479228425,
        1803.7718236365483,
        1975.5724916106794
      ]
    },
    "mae": {
      "mean": 971.933,
      "std": 449.4104,
      "folds": [
        1471.6219848829273,
        1388.0660111015964,
        233.37845433392638,
        769.6814437803209,
        996.9173472047711
      ]
    },
    "mape": {
      "mean": 47.6186,
      "std": 8.9405,
      "folds": [
        61.52271349340875,
        42.04961201702076,
        41.06716696418699,
        38.63920080987422,
        54.81412624511128
      ]
    },
    "r2": {
      "mean": 0.4068,
      "std": 0.0558,
      "folds": [
        0.46429854650862157,
        0.36333027269656193,
        0.45126736373304166,
        0.43513796240176694,
        0.31980558826012684
      ]
    }
  },
  "XGBoost": {
    "rmse": {
      "mean": 2162.4343,
      "std": 1030.4579,
      "folds": [
        3129.5679662017906,
        3200.745363337635,
        359.63170267189366,
        1948.9740263658196,
        2173.2523056452246
      ]
    },
    "mae": {
      "mean": 1035.1454,
      "std": 449.6848,
      "folds": [
        1580.0265076955152,
        1320.0568131979107,
        251.2492993256731,
        918.7465410224574,
        1105.6476869481294
      ]
    },
    "mape": {
      "mean": 46.8095,
      "std": 5.0913,
      "folds": [
        54.66487965495625,
        42.39274878249007,
        41.27808464889106,
        45.0627738686551,
        50.6492412477593
      ]
    },
    "r2": {
      "mean": 0.3194,
      "std": 0.0727,
      "folds": [
        0.34167692529477467,
        0.3793501312762414,
        0.35866284007368676,
        0.34053569422612373,
        0.17687192053209466
      ]
    }
  },
  "IDW": {
    "rmse": {
      "mean": 3101.5964,
      "std": 1313.4639,
      "folds": [
        5030.908158190818,
        4210.841812162083,
        1547.5090360462016,
        2079.848233549536,
        2638.874631230733
      ]
    },
    "mae": {
      "mean": 2070.7971,
      "std": 915.165,
      "folds": [
        3749.931826875994,
        2302.9969950045975,
        1300.3266214767023,
        1313.5308807350964,
        1687.1990393988992
      ]
    },
    "mape": {
      "mean": 169.2925,
      "std": 45.3414,
      "folds": [
        209.49548004555362,
        166.35956735710175,
        227.08051164153395,
        101.80260098698749,
        141.72435317159838
      ]
    },
    "r2": {
      "mean": -2.323,
      "std": 4.287,
      "folds": [
        -0.7012301874672713,
        -0.0741928842034889,
        -10.875088448898193,
        0.24899559836986318,
        -0.21362533818052953
      ]
    }
  },
  "SOM": {
    "rmse": {
      "mean": 2415.4224,
      "std": 985.7925,
      "folds": [
        3209.0070916006634,
        3279.8550197019863,
        556.8849575280306,
        2577.523819113812,
        2453.8408753802455
      ]
    },
    "mae": {
      "mean": 1288.8547,
      "std": 481.8925,
      "folds": [
        1830.1812126548575,
        1509.8075930365126,
        392.93802895781846,
        1293.8215055734872,
        1417.5249635539071
      ]
    },
    "mape": {
      "mean": 75.5506,
      "std": 11.4797,
      "folds": [
        68.93164674214812,
        71.88976456477259,
        74.15557256345026,
        65.08435504212395,
        97.69144629069464
      ]
    },
    "r2": {
      "mean": -0.0169,
      "std": 0.3255,
      "folds": [
        0.30783177916004,
        0.34829101046916644,
        -0.5378056061642709,
        -0.1534122662887316,
        -0.04939722653524892
      ]
    }
  },
  "Ensemble": {
    "weights": {
      "Random Forest": 0.545,
      "XGBoost": 0.428,
      "IDW": 0.013,
      "SOM": 0.013
    },
    "r2": {
      "mean": 0,
      "std": 0
    }
  },
  "feature_importance": {
    "neighbor_mean_vmd": 0.5215,
    "situacao_PAV": 0.082,
    "regional_mean_vmd": 0.0632,
    "regional_median_vmd": 0.0504,
    "dist_to_goiania": 0.0431,
    "go_segment_count": 0.0314,
    "go_total_length": 0.0304,
    "extensao": 0.0273,
    "betweenness_centrality": 0.0218,
    "classe_Radiais": 0.02,
    "relative_position": 0.0172,
    "lon_centroid": 0.0162,
    "distance_to_nearest_count": 0.0147,
    "lat_centroid": 0.0147,
    "closeness_centrality": 0.0122
  }
}